fecha,zona,ndvi,evi,calidad
2020-01-15,Copo_Bosque_Nativo,0.72,0.48,buena
2020-04-15,Copo_Bosque_Nativo,0.68,0.45,buena
2020-07-15,Copo_Bosque_Nativo,0.55,0.35,buena
2020-10-15,Copo_Bosque_Nativo,0.58,0.38,buena
2021-01-15,Copo_Bosque_Nativo,0.71,0.47,buena
2021-04-15,Copo_Bosque_Nativo,0.69,0.46,buena
2021-07-15,Copo_Bosque_Nativo,0.54,0.34,buena
2021-10-15,Copo_Bosque_Nativo,0.56,0.36,buena
2022-01-15,Copo_Bosque_Nativo,0.64,0.41,buena
2022-04-15,Copo_Bosque_Nativo,0.59,0.38,buena
2022-07-15,Copo_Bosque_Nativo,0.48,0.30,buena
2022-10-15,Copo_Bosque_Nativo,0.42,0.25,buena
2023-01-15,Copo_Bosque_Nativo,0.38,0.22,buena
2023-04-15,Copo_Bosque_Nativo,0.35,0.20,buena
2023-07-15,Copo_Bosque_Nativo,0.30,0.18,buena
2023-10-15,Copo_Bosque_Nativo,0.28,0.16,buena
2024-01-15,Copo_Bosque_Nativo,0.25,0.14,buena
2024-04-15,Copo_Bosque_Nativo,0.24,0.13,buena
2024-07-15,Copo_Bosque_Nativo,0.22,0.12,buena
2020-01-15,Marcos_Juarez_Agricola,0.85,0.58,buena
2020-04-15,Marcos_Juarez_Agricola,0.45,0.28,buena
2020-07-15,Marcos_Juarez_Agricola,0.30,0.18,buena
2020-10-15,Marcos_Juarez_Agricola,0.60,0.40,buena
2021-01-15,Marcos_Juarez_Agricola,0.84,0.57,buena
2021-04-15,Marcos_Juarez_Agricola,0.44,0.27,buena
2021-07-15,Marcos_Juarez_Agricola,0.32,0.19,buena
2021-10-15,Marcos_Juarez_Agricola,0.62,0.41,buena
2022-01-15,Marcos_Juarez_Agricola,0.82,0.55,buena
2022-04-15,Marcos_Juarez_Agricola,0.41,0.25,buena
2022-07-15,Marcos_Juarez_Agricola,0.29,0.17,buena
2022-10-15,Marcos_Juarez_Agricola,0.58,0.38,buena
2023-01-15,Marcos_Juarez_Agricola,0.65,0.42,buena
2023-04-15,Marcos_Juarez_Agricola,0.35,0.22,buena
2023-07-15,Marcos_Juarez_Agricola,0.28,0.16,buena
2023-10-15,Marcos_Juarez_Agricola,0.68,0.45,buena
2024-01-15,Marcos_Juarez_Agricola,0.83,0.56,buena
2024-04-15,Marcos_Juarez_Agricola,0.46,0.29,buena
